{
    "0": {
        "mean": 1.4215939981343113,
        "std": 0.46316132954626504,
        "name": "MS2 Isolation Width"
    },
    "1": {
        "mean": 0.7410583775376498,
        "std": 0.6402922854865505,
        "name": "Charge State"
    },
    "2": {
        "mean": 56.96487559225738,
        "std": 29.576697413710342,
        "name": "Ion Injection Time (ms)"
    },
    "3": {
        "mean": 5830294.006587313,
        "std": 161254260.76723048,
        "name": "Conversion Parameter C"
    },
    "4": {
        "mean": 32.81434122586729,
        "std": 7.754599542337947,
        "name": "Energy1"
    },
    "5": {
        "mean": 19575.419220274955,
        "std": 7434.993146507128,
        "name": "Orbitrap Resolution"
    },
    "6": {
        "mean": 352728.9332561732,
        "std": 355734.6212216131,
        "name": "AGC Target"
    },
    "7": {
        "mean": 17.148060492753345,
        "std": 5.746246640317428,
        "name": "HCD Energy(1)"
    },
    "8": {
        "mean": 30.848777533064446,
        "std": 9.787134457577972,
        "name": "HCD Energy(2)"
    },
    "9": {
        "mean": 48.696864084751105,
        "std": 14.089401948170357,
        "name": "HCD Energy(3)"
    },
    "10": {
        "mean": 0.8313383135305228,
        "std": 6.393417954288138,
        "name": "HCD Energy(4)"
    },
    "11": {
        "mean": 0.0,
        "std": 1.0,
        "name": "HCD Energy(5)"
    },
    "12": {
        "mean": -0.07710366644892869,
        "std": 0.6557362186569887,
        "name": "LM m/z-Correction (ppm)"
    },
    "13": {
        "mean": 1.0,
        "std": 1.0,
        "name": "Micro Scan Count"
    }
}